title,author,publisher,language,publish_year
The Graveyard Book,Neil Gaiman,N/A,"['tur', 'chi', 'ger', 'pol', 'spa', 'eng']",2008
Summary the Psychology of Money,Book PRO,N/A,['eng'],2022
"After (After Series, Book 1)",Anna Todd,N/A,"['fre', 'eng']",2014
Shatter Me,Tahereh Mafi,N/A,"['eng', 'dut']",2011
Game of Thrones,Book Of Thrones,N/A,['eng'],2017
The Blade Itself,Joe Abercrombie,N/A,['eng'],2001
March. Book One,"John Lewis, Andrew Aydin, Nate Powell",N/A,['eng'],2013
Sketch Book for Kids,Js Sketch Book,N/A,['eng'],2019
The Book of Life,Deborah Harkness,N/A,"['spa', 'eng']",2014
Charlotte's Web,Jennifer Frantz,N/A,['eng'],2006
Demon Slayer Coloring Book,sara coloring,N/A,['eng'],2021
Book Lovers,Emily Henry,N/A,"['spa', 'dut', 'eng']",2022
Amulet,Kazu Kibuishi,N/A,"['fre', 'spa', 'eng']",2008
Yellowface,R. F. Kuang,N/A,['eng'],2023
Read People Like a Book,Patrick King,N/A,"['ita', 'eng']",2020
The Book with No Pictures,B. J. Novak,N/A,['eng'],2001
